,Ticker,name,logo
0,AALI,Astra Agro Lestari Tbk,https://s3.goapi.id/logo/AALI.jpg
1,ABBA,Mahaka Media Tbk,https://s3.goapi.id/logo/ABBA.jpg
2,ABDA,Asuransi Bina Dana Arta Tbk,https://s3.goapi.id/logo/ABDA.jpg
3,ABMM,ABM Investama Tbk,https://s3.goapi.id/logo/ABMM.jpg
4,ACES,Ace Hardware Indonesia Tbk,https://s3.goapi.id/logo/ACES.jpg
5,ACST,PT Acset Indonusa Tbk.,https://s3.goapi.id/logo/ACST.jpg
6,ADCP,PT Adhi Commuter Properti Tbk,https://s3.goapi.id/logo/ADCP.jpg
7,ADES,Akasha Wira International Tbk  Tbk,https://s3.goapi.id/logo/ADES.jpg
8,ADFO,PT Adindo Foresta Indonesia Tbk,https://s3.goapi.id/logo/ADFO.jpg
9,ADHI,PT Adhi Karya (Persero) Tbk.,https://s3.goapi.id/logo/ADHI.jpg
10,ADMF,Adira Dinamika Multi Finance Tbk,https://s3.goapi.id/logo/ADMF.jpg
11,ADMG,Polychem Indonesia Tbk,https://s3.goapi.id/logo/ADMG.jpg
12,ADMR,PT Adaro Minerals Indonesia Tbk,https://s3.goapi.id/logo/ADMR.jpg
13,ADRO,Adaro Energy Indonesia Tbk,https://s3.goapi.id/logo/ADRO.jpg
14,AGAR,PT Asia Sejahtera Mina Tbk,https://s3.goapi.id/logo/AGAR.jpg
15,AGII,PT Aneka Gas Industri Tbk.,https://s3.goapi.id/logo/AGII.jpg
16,AGRO,PT Bank Raya Indonesia Tbk,https://s3.goapi.id/logo/AGRO.jpg
17,AGRS,PT Bank IBK Indonesia Tbk.,https://s3.goapi.id/logo/AGRS.jpg
18,AHAP,Asuransi Harta Aman Pratama Tbk,https://s3.goapi.id/logo/AHAP.jpg
19,AIMS,Akbar Indomakmur Stimec Tbk,https://s3.goapi.id/logo/AIMS.jpg
20,AISA,PT FKS Food Sejahtera Tbk,https://s3.goapi.id/logo/AISA.jpg
21,AKKU,PT Anugerah Kagum Karya Utama Tbk,https://s3.goapi.id/logo/AKKU.jpg
22,AKPI,Argha Karya Prima Ind. Tbk,https://s3.goapi.id/logo/AKPI.jpg
23,AKRA,PT AKR Corporindo Tbk.,https://s3.goapi.id/logo/AKRA.jpg
24,AKSI,PT Mineral Sumberdaya Mandiri Tbk,https://s3.goapi.id/logo/AKSI.jpg
25,ALDO,Alkindo Naratama Tbk,https://s3.goapi.id/logo/ALDO.jpg
26,ALKA,Alakasa Industrindo Tbk,https://s3.goapi.id/logo/ALKA.jpg
27,ALMI,Alumindo Light Metal Industry Tbk,https://s3.goapi.id/logo/ALMI.jpg
28,ALTO,Tri Banyan Tirta Tbk,https://s3.goapi.id/logo/ALTO.jpg
29,AMAG,Asuransi Multi Artha Guna Tbk,https://s3.goapi.id/logo/AMAG.jpg
30,AMAN,PT Makmur Berkah Amanda Tbk.,https://s3.goapi.id/logo/AMAN.jpg
31,AMAR,PT Bank Amar Indonesia Tbk.,https://s3.goapi.id/logo/AMAR.jpg
32,AMFG,Asahimas Flat Glass Tbk,https://s3.goapi.id/logo/AMFG.jpg
33,AMIN,PT Ateliers Mecaniques D Indonesie Tbk.,https://s3.goapi.id/logo/AMIN.jpg
34,AMMS,PT Agung Menjangan Mas Tbk,https://s3.goapi.id/logo/AMMS.jpg
35,AMOR,PT Ashmore Asset Management Indonesia Tbk.,https://s3.goapi.id/logo/AMOR.jpg
36,AMRT,PT Sumber Alfaria Trijaya Tbk.,https://s3.goapi.id/logo/AMRT.jpg
37,ANDI,PT Andira Agro Tbk,https://s3.goapi.id/logo/ANDI.jpg
38,ANJT,PT Austindo Nusantara Jaya Tbk.,https://s3.goapi.id/logo/ANJT.jpg
39,ANTM,Aneka Tambang Tbk.,https://s3.goapi.id/logo/ANTM.jpg
40,APEX,Apexindo Pratama Duta Tbk,https://s3.goapi.id/logo/APEX.jpg
41,APIC,PACIFIC STRATEGIC FINANCIAL Tbk,https://s3.goapi.id/logo/APIC.jpg
42,APII,PT Arita Prima Indonesia Tbk.,https://s3.goapi.id/logo/APII.jpg
43,APLI,Asiaplast Industries Tbk,https://s3.goapi.id/logo/APLI.jpg
44,APLN,PT Agung Podomoro Land Tbk.,https://s3.goapi.id/logo/APLN.jpg
45,APOL,Arpeni Pratama Ocean Line Tbk,https://s3.goapi.id/logo/APOL.jpg
46,ARCI,PT Archi Indonesia Tbk,https://s3.goapi.id/logo/ARCI.jpg
47,ARGO,Argo Pantes Tbk,https://s3.goapi.id/logo/ARGO.jpg
48,ARII,Atlas Resources Tbk,https://s3.goapi.id/logo/ARII.jpg
49,ARKA,PT Arkha Jayanti Persada Tbk.,https://s3.goapi.id/logo/ARKA.jpg
50,ARKO,PT Arkora Hydro Tbk.,https://s3.goapi.id/logo/ARKO.jpg
51,ARMY,PT Armidian Karyatama Tbk,https://s3.goapi.id/logo/ARMY.jpg
52,ARNA,Arwana Citramulia Tbk,https://s3.goapi.id/logo/ARNA.jpg
53,ARTA,Arthavest Tbk,https://s3.goapi.id/logo/ARTA.jpg
54,ARTI,Ratu Prabu Energi Tbk,https://s3.goapi.id/logo/ARTI.jpg
55,ARTO,PT Bank Jago Tbk.,https://s3.goapi.id/logo/ARTO.jpg
56,ASBI,Asuransi Bintang Tbk,https://s3.goapi.id/logo/ASBI.jpg
57,ASDM,Asuransi Dayin Mitra Tbk,https://s3.goapi.id/logo/ASDM.jpg
58,ASGR,Astra Graphia Tbk,https://s3.goapi.id/logo/ASGR.jpg
59,ASHA,PT Cilacap Samudera Fishing Industry Tbk,https://s3.goapi.id/logo/ASHA.jpg
60,ASII,Astra International Tbk,https://s3.goapi.id/logo/ASII.jpg
61,ASJT,Asuransi Jasa Tania Tbk,https://s3.goapi.id/logo/ASJT.jpg
62,ASLC,PT Autopedia Sukses Lestari Tbk,https://s3.goapi.id/logo/ASLC.jpg
63,ASMI,PT Asuransi Maximus Graha Persada Tbk.,https://s3.goapi.id/logo/ASMI.jpg
64,ASPI,PT Andalan Sakti Primaindo Tbk.,https://s3.goapi.id/logo/ASPI.jpg
65,ASRI,ALAM SUTERA REALTY Tbk,https://s3.goapi.id/logo/ASRI.jpg
66,ASRM,Asuransi Ramayana Tbk,https://s3.goapi.id/logo/ASRM.jpg
67,ASSA,Adi Sarana Armada Tbk,https://s3.goapi.id/logo/ASSA.jpg
68,ATAP,PT Trimitra Prawara Goldland Tbk ,https://s3.goapi.id/logo/ATAP.jpg
69,ATIC,PT Anabatic Technologies Tbk,https://s3.goapi.id/logo/ATIC.jpg
70,AUTO,Astra Otoparts Tbk,https://s3.goapi.id/logo/AUTO.jpg
71,AVIA,PT Avia Avian Tbk,https://s3.goapi.id/logo/AVIA.jpg
72,AXIO,PT Tera Data Indonusa Tbk,https://s3.goapi.id/logo/AXIO.jpg
73,AYLS,PT Agro Yasa Lestari Tbk,https://s3.goapi.id/logo/AYLS.jpg
74,BABP,PT Bank MNC Internasional Tbk.,https://s3.goapi.id/logo/BABP.jpg
75,BACA,PT Bank Capital Indonesia Tbk,https://s3.goapi.id/logo/BACA.jpg
76,BAJA,Saranacentral Bajatama Tbk,https://s3.goapi.id/logo/BAJA.jpg
77,BALI,PT Bali Towerindo Sentra Tbk. ,https://s3.goapi.id/logo/BALI.jpg
78,BANK,PT Bank Aladin Syariah Tbk,https://s3.goapi.id/logo/BANK.jpg
79,BAPA,Bekasi Asri Pemula Tbk,https://s3.goapi.id/logo/BAPA.jpg
80,BAPI,PT Bhakti Agung Propertindo Tbk.,https://s3.goapi.id/logo/BAPI.jpg
81,BATA,Sepatu Bata Tbk,https://s3.goapi.id/logo/BATA.jpg
82,BAUT,PT Mitra Angkasa Sejahtera Tbk,https://s3.goapi.id/logo/BAUT.jpg
83,BAYU,Bayu Buana Tbk,https://s3.goapi.id/logo/BAYU.jpg
84,BBCA,PT Bank Central Asia Tbk.,https://s3.goapi.id/logo/BBCA.jpg
85,BBHI,PT Allo Bank Indonesia Tbk,https://s3.goapi.id/logo/BBHI.jpg
86,BBKP,PT Bank KB Bukopin Tbk,https://s3.goapi.id/logo/BBKP.jpg
87,BBLD,Buana Finance Tbk,https://s3.goapi.id/logo/BBLD.jpg
88,BBMD,PT Bank Mestika Dharma Tbk.,https://s3.goapi.id/logo/BBMD.jpg
89,BBNI,PT Bank Negara Indonesia (Persero) Tbk,https://s3.goapi.id/logo/BBNI.jpg
90,BBRI,PT Bank Rakyat Indonesia (Persero) Tbk,https://s3.goapi.id/logo/BBRI.jpg
91,BBRM,Pelayaran Nasional Bina Buana Raya Tbk,https://s3.goapi.id/logo/BBRM.jpg
92,BBSI,PT Bank Bisnis Internasional Tbk.,https://s3.goapi.id/logo/BBSI.jpg
93,BBSS,PT Bumi Benowo Sukses Sejahtera Tbk,https://s3.goapi.id/logo/BBSS.jpg
94,BBTN,PT Bank Tabungan Negara (Persero) Tbk,https://s3.goapi.id/logo/BBTN.jpg
95,BBYB,PT Bank Neo Commerce Tbk.,https://s3.goapi.id/logo/BBYB.jpg
96,BCAP,MNC Kapital Indonesia Tbk,https://s3.goapi.id/logo/BCAP.jpg
97,BCIC,PT Bank JTrust Indonesia Tbk. ,https://s3.goapi.id/logo/BCIC.jpg
98,BCIP,Bumi Citra Permai Tbk,https://s3.goapi.id/logo/BCIP.jpg
99,BDKR,PT Berdikari Pondasi Perkasa Tbk.,https://s3.goapi.id/logo/BDKR.jpg
100,BDMN,PT Bank Danamon Indonesia Tbk,https://s3.goapi.id/logo/BDMN.jpg
101,BEBS,PT Berkah Beton Sadaya Tbk,https://s3.goapi.id/logo/BEBS.jpg
102,BEEF,PT Estika Tata Tiara Tbk.,https://s3.goapi.id/logo/BEEF.jpg
103,BEER,PT Jobubu Jarum Minahasa Tbk,https://s3.goapi.id/logo/BEER.jpg
104,BEKS,PT Bank Pembangunan Daerah Banten Tbk.,https://s3.goapi.id/logo/BEKS.jpg
105,BELI,PT Global Digital Niaga Tbk,https://s3.goapi.id/logo/BELI.jpg
106,BELL,PT Trisula Textile Industries Tbk,https://s3.goapi.id/logo/BELL.jpg
107,BESS,PT Batulicin Nusantara Maritim Tbk.,https://s3.goapi.id/logo/BESS.jpg
108,BEST,Bekasi Fajar Industrial Estate Tbk,https://s3.goapi.id/logo/BEST.jpg
109,BFIN,BFI Finance Indonesia Tbk,https://s3.goapi.id/logo/BFIN.jpg
110,BGTG,PT Bank Ganesha Tbk.,https://s3.goapi.id/logo/BGTG.jpg
111,BHAT,PT Bhakti Multi Artha Tbk.,https://s3.goapi.id/logo/BHAT.jpg
112,BHIT,PT MNC Investama Tbk.,https://s3.goapi.id/logo/BHIT.jpg
113,BIKA,PT Binakarya Jaya Abadi Tbk.,https://s3.goapi.id/logo/BIKA.jpg
114,BIKE,PT Sepeda Bersama Indonesia Tbk,https://s3.goapi.id/logo/BIKE.jpg
115,BIMA,Primarindo Asia Infrastructure Tbk,https://s3.goapi.id/logo/BIMA.jpg
116,BINA,PT Bank Ina Perdana Tbk.,https://s3.goapi.id/logo/BINA.jpg
117,BINO,PT Perma Plasindo Tbk ,https://s3.goapi.id/logo/BINO.jpg
118,BIPI,PT Astrindo Nusantara Infrastruktur Tbk.,https://s3.goapi.id/logo/BIPI.jpg
119,BIPP,Bhuwanatala Indah Permai Tbk,https://s3.goapi.id/logo/BIPP.jpg
120,BIRD,PT Blue Bird Tbk,https://s3.goapi.id/logo/BIRD.jpg
121,BISI,BISI INTERNATIONAL Tbk,https://s3.goapi.id/logo/BISI.jpg
122,BJBR,Bank Pembangunan Daerah Jawa Barat dan Banten Tbk,https://s3.goapi.id/logo/BJBR.jpg
123,BJTM,Bank Pembangunan Daerah Jawa Timur Tbk,https://s3.goapi.id/logo/BJTM.jpg
124,BKDP,Bukit Darmo Property Tbk,https://s3.goapi.id/logo/BKDP.jpg
125,BKSL,Sentul City Tbk,https://s3.goapi.id/logo/BKSL.jpg
126,BKSW,PT Bank QNB Indonesia Tbk,https://s3.goapi.id/logo/BKSW.jpg
127,BLTA,Berlian Laju Tanker Tbk,https://s3.goapi.id/logo/BLTA.jpg
128,BLTZ,PT Graha Layar Prima Tbk.,https://s3.goapi.id/logo/BLTZ.jpg
129,BLUE,PT Berkah Prima Perkasa Tbk,https://s3.goapi.id/logo/BLUE.jpg
130,BMAS,PT Bank Maspion Indonesia Tbk.,https://s3.goapi.id/logo/BMAS.jpg
131,BMBL,PT Lavender Bina Cendikia Tbk,https://s3.goapi.id/logo/BMBL.jpg
132,BMHS,PT Bundamedik Tbk,https://s3.goapi.id/logo/BMHS.jpg
133,BMRI,PT Bank Mandiri (Persero) Tbk,https://s3.goapi.id/logo/BMRI.jpg
134,BMSR,Bintang Mitra Semestaraya Tbk,https://s3.goapi.id/logo/BMSR.jpg
135,BMTR,PT Global Mediacom Tbk,https://s3.goapi.id/logo/BMTR.jpg
136,BNBA,Bank Bumi Arta Tbk,https://s3.goapi.id/logo/BNBA.jpg
137,BNBR,Bakrie & Brothers Tbk,https://s3.goapi.id/logo/BNBR.jpg
138,BNGA,PT Bank CIMB Niaga Tbk,https://s3.goapi.id/logo/BNGA.jpg
139,BNII,PT Bank Maybank Indonesia Tbk,https://s3.goapi.id/logo/BNII.jpg
140,BNLI,Bank Permata Tbk,https://s3.goapi.id/logo/BNLI.jpg
141,BOBA,PT Formosa Ingredient Factory Tbk,https://s3.goapi.id/logo/BOBA.jpg
142,BOGA,PT Bintang Oto Global Tbk,https://s3.goapi.id/logo/BOGA.jpg
143,BOLA,PT Bali Bintang Sejahtera Tbk.,https://s3.goapi.id/logo/BOLA.jpg
144,BOLT,PT Garuda Metalindo Tbk.,https://s3.goapi.id/logo/BOLT.jpg
145,BORN,Borneo Lumbung Energi &amp; Metal Tbk,https://s3.goapi.id/logo/BORN.jpg
146,BOSS,PT Borneo Olah Sarana Sukses Tbk.,https://s3.goapi.id/logo/BOSS.jpg
147,BPFI,Batavia Prosperindo Finance Tbk,https://s3.goapi.id/logo/BPFI.jpg
148,BPII,PT Batavia Prosperindo Internasional Tbk.,https://s3.goapi.id/logo/BPII.jpg
149,BPTR,PT Batavia Prosperindo Trans Tbk.,https://s3.goapi.id/logo/BPTR.jpg
150,BRAM,Indo Kordsa Tbk,https://s3.goapi.id/logo/BRAM.jpg
151,BRIS,PT Bank Syariah Indonesia Tbk,https://s3.goapi.id/logo/BRIS.jpg
152,BRMS,Bumi Resources Minerals Tbk,https://s3.goapi.id/logo/BRMS.jpg
153,BRNA,Berlina Tbk,https://s3.goapi.id/logo/BRNA.jpg
154,BRPT,Barito Pacific Tbk,https://s3.goapi.id/logo/BRPT.jpg
155,BSBK,PT Wulandari Bangun Laksana Tbk,https://s3.goapi.id/logo/BSBK.jpg
156,BSDE,PT Bumi Serpong Damai Tbk,https://s3.goapi.id/logo/BSDE.jpg
157,BSIM,Bank Sinarmas Tbk,https://s3.goapi.id/logo/BSIM.jpg
158,BSML,PT Bintang Samudera Mandiri Lines Tbk,https://s3.goapi.id/logo/BSML.jpg
159,BSSR,Baramulti Suksessarana Tbk,https://s3.goapi.id/logo/BSSR.jpg
160,BSWD,Bank of India Indonesia Tbk,https://s3.goapi.id/logo/BSWD.jpg
161,BTEK,Bumi Teknokultura Unggul Tbk,https://s3.goapi.id/logo/BTEK.jpg
162,BTEL,Bakrie Telecom Tbk,https://s3.goapi.id/logo/BTEL.jpg
163,BTON,Betonjaya Manunggal Tbk,https://s3.goapi.id/logo/BTON.jpg
164,BTPN,PT Bank BTPN Tbk,https://s3.goapi.id/logo/BTPN.jpg
165,BTPS,PT Bank BTPN Syariah Tbk.,https://s3.goapi.id/logo/BTPS.jpg
166,BUAH,PT Segar Kumala Indonesia Tbk,https://s3.goapi.id/logo/BUAH.jpg
167,BUDI,PT Budi Starch & Sweetener Tbk.,https://s3.goapi.id/logo/BUDI.jpg
168,BUKA,PT Bukalapak.com Tbk,https://s3.goapi.id/logo/BUKA.jpg
169,BUKK,Bukaka Teknik Utama Tbk,https://s3.goapi.id/logo/BUKK.jpg
170,BULL,PT Buana Lintas Lautan Tbk.,https://s3.goapi.id/logo/BULL.jpg
171,BUMI,Bumi Resources Tbk,https://s3.goapi.id/logo/BUMI.jpg
172,BUVA,PT Bukit Uluwatu Villa Tbk,https://s3.goapi.id/logo/BUVA.jpg
173,BVIC,Bank Victoria International Tbk,https://s3.goapi.id/logo/BVIC.jpg
174,BWPT,Eagle High Plantations Tbk,https://s3.goapi.id/logo/BWPT.jpg
175,BYAN,Bayan Resources Tbk,https://s3.goapi.id/logo/BYAN.jpg
176,CAKK,PT Cahayaputra Asa Keramik Tbk.,https://s3.goapi.id/logo/CAKK.jpg
177,CAMP,PT Campina Ice Cream Industry Tbk.,https://s3.goapi.id/logo/CAMP.jpg
178,CANI,PT Capitol Nusantara Indonesia Tbk.,https://s3.goapi.id/logo/CANI.jpg
179,CARE,PT Metro Healthcare Indonesia Tbk,https://s3.goapi.id/logo/CARE.jpg
180,CARS,PT Industri dan Perdagangan Bintraco Dharma Tbk,https://s3.goapi.id/logo/CARS.jpg
181,CASA,PT Capital Financial Indonesia Tbk,https://s3.goapi.id/logo/CASA.jpg
182,CASH,PT Cashlez Worldwide Indonesia Tbk.,https://s3.goapi.id/logo/CASH.jpg
183,CASS,Cardig Aero Services Tbk,https://s3.goapi.id/logo/CASS.jpg
184,CBMF,PT Cahaya Bintang Medan Tbk,https://s3.goapi.id/logo/CBMF.jpg
185,CBPE,PT Citra Buana Prasida Tbk,https://s3.goapi.id/logo/CBPE.jpg
186,CBRE,PT Cakra Buana Resources Energi Tbk,https://s3.goapi.id/logo/CBRE.jpg
187,CBUT,PT Citra Borneo Utama Tbk,https://s3.goapi.id/logo/CBUT.jpg
188,CCSI,PT Communication Cable Systems Indonesia Tbk.,https://s3.goapi.id/logo/CCSI.jpg
189,CEKA,PT Wilmar Cahaya Indonesia Tbk.,https://s3.goapi.id/logo/CEKA.jpg
190,CENT,PT Centratama Telekomunikasi Indonesia Tbk.,https://s3.goapi.id/logo/CENT.jpg
191,CFIN,Clipan Finance Indonesia Tbk,https://s3.goapi.id/logo/CFIN.jpg
192,CHEM,PT Chemstar Indonesia Tbk,https://s3.goapi.id/logo/CHEM.jpg
193,CHIP,PT Pelita Teknologi Global Tbk,https://s3.goapi.id/logo/CHIP.jpg
194,CINT,PT Chitose Internasional Tbk,https://s3.goapi.id/logo/CINT.jpg
195,CITA,Cita Mineral Investindo Tbk,https://s3.goapi.id/logo/CITA.jpg
196,CITY,PT Natura City Developments Tbk.,https://s3.goapi.id/logo/CITY.jpg
197,CKRA,Cakra Mineral Tbk.,https://s3.goapi.id/logo/CKRA.jpg
198,CLAY,PT Citra Putra Realty Tbk,https://s3.goapi.id/logo/CLAY.jpg
199,CLEO,PT Sariguna Primatirta Tbk,https://s3.goapi.id/logo/CLEO.jpg
200,CLPI,Colorpak Indonesia Tbk,https://s3.goapi.id/logo/CLPI.jpg
201,CMNP,Citra Marga Nusaphala Persada Tbk,https://s3.goapi.id/logo/CMNP.jpg
202,CMNT,PT Cemindo Gemilang Tbk,https://s3.goapi.id/logo/CMNT.jpg
203,CMPP,PT AirAsia Indonesia Tbk,https://s3.goapi.id/logo/CMPP.jpg
204,CMRY,PT Cisarua Mountain Dairy Tbk,https://s3.goapi.id/logo/CMRY.jpg
205,CNKO,Exploitasi Energi Indonesia Tbk,https://s3.goapi.id/logo/CNKO.jpg
206,CNTX,PT Century Textile Industry Tbk,https://s3.goapi.id/logo/CNTX.jpg
207,COAL,PT Black Diamond Resources Tbk,https://s3.goapi.id/logo/COAL.jpg
208,COCO,PT Wahana Interfood Nusantara Tbk.,https://s3.goapi.id/logo/COCO.jpg
209,COWL,COWELL DEVELOPMENT Tbk,https://s3.goapi.id/logo/COWL.jpg
210,CPIN,Charoen Pokphand Indonesia Tbk,https://s3.goapi.id/logo/CPIN.jpg
211,CPRI,PT Capri Nusa Satu Properti Tbk.,https://s3.goapi.id/logo/CPRI.jpg
212,CPRO,Central Proteina Prima Tbk,https://s3.goapi.id/logo/CPRO.jpg
213,CRAB,PT Toba Surimi Industries Tbk,https://s3.goapi.id/logo/CRAB.jpg
214,CSAP,Catur Sentosa Adiprana Tbk,https://s3.goapi.id/logo/CSAP.jpg
215,CSIS,PT Cahayasakti Investindo Sukses Tbk,https://s3.goapi.id/logo/CSIS.jpg
216,CSMI,PT Cipta Selera Murni Tbk.,https://s3.goapi.id/logo/CSMI.jpg
217,CSRA,PT Cisadane Sawit Raya Tbk.,https://s3.goapi.id/logo/CSRA.jpg
218,CTBN,Citra Tubindo Tbk,https://s3.goapi.id/logo/CTBN.jpg
219,CTRA,Ciputra Development Tbk,https://s3.goapi.id/logo/CTRA.jpg
220,CTTH,Citatah Tbk,https://s3.goapi.id/logo/CTTH.jpg
221,CUAN,PT Petrindo Jaya Kreasi Tbk,https://s3.goapi.id/logo/CUAN.jpg
222,DADA,PT Diamond Citra Propertindo Tbk.,https://s3.goapi.id/logo/DADA.jpg
223,DART,Duta Anggada Realty Tbk,https://s3.goapi.id/logo/DART.jpg
224,DAYA,PT Duta Intidaya Tbk.,https://s3.goapi.id/logo/DAYA.jpg
225,DCII,PT DCI Indonesia Tbk,https://s3.goapi.id/logo/DCII.jpg
226,DEAL,PT Dewata Freightinternational Tbk.,https://s3.goapi.id/logo/DEAL.jpg
227,DEFI,Danasupra Erapacific Tbk,https://s3.goapi.id/logo/DEFI.jpg
228,DEPO,PT Caturkarda Depo Bangunan Tbk,https://s3.goapi.id/logo/DEPO.jpg
229,DEWA,Darma Henwa Tbk,https://s3.goapi.id/logo/DEWA.jpg
230,DEWI,PT Dewi Shri Farmindo Tbk,https://s3.goapi.id/logo/DEWI.jpg
231,DFAM,PT Dafam Property Indonesia Tbk,https://s3.goapi.id/logo/DFAM.jpg
232,DGIK,Nusa Konstruksi Enjiniring  Tbk,https://s3.goapi.id/logo/DGIK.jpg
233,DGNS,PT Diagnos Laboratorium Utama Tbk,https://s3.goapi.id/logo/DGNS.jpg
234,DIGI,PT Arkadia Digital Media Tbk,https://s3.goapi.id/logo/DIGI.jpg
235,DILD,Intiland Development Tbk,https://s3.goapi.id/logo/DILD.jpg
236,DIVA,PT Distribusi Voucher Nusantara Tbk,https://s3.goapi.id/logo/DIVA.jpg
237,DKFT,Central Omega Resources Tbk,https://s3.goapi.id/logo/DKFT.jpg
238,DLTA,Delta Djakarta Tbk,https://s3.goapi.id/logo/DLTA.jpg
239,DMAS,PT Puradelta Lestari Tbk.,https://s3.goapi.id/logo/DMAS.jpg
240,DMMX,PT Digital Mediatama Maxima Tbk,https://s3.goapi.id/logo/DMMX.jpg
241,DMND,PT Diamond Food Indonesia Tbk.,https://s3.goapi.id/logo/DMND.jpg
242,DNAR,PT Bank Oke Indonesia Tbk.,https://s3.goapi.id/logo/DNAR.jpg
243,DNET,PT Indoritel Makmur Internasional Tbk.,https://s3.goapi.id/logo/DNET.jpg
244,DOID,Delta Dunia Makmur Tbk,https://s3.goapi.id/logo/DOID.jpg
245,DPNS,Duta Pertiwi Nusantara Tbk,https://s3.goapi.id/logo/DPNS.jpg
246,DPUM,PT Dua Putra Utama Makmur Tbk.,https://s3.goapi.id/logo/DPUM.jpg
247,DRMA,PT Dharma Polimetal Tbk,https://s3.goapi.id/logo/DRMA.jpg
248,DSFI,Dharma Samudera Fishing Ind. Tbk,https://s3.goapi.id/logo/DSFI.jpg
249,DSNG,PT Dharma Satya Nusantara Tbk.,https://s3.goapi.id/logo/DSNG.jpg
250,DSSA,Dian Swastatika Sentosa Tbk,https://s3.goapi.id/logo/DSSA.jpg
251,DUCK,PT Jaya Bersama Indo Tbk.,https://s3.goapi.id/logo/DUCK.jpg
252,DUTI,Duta Pertiwi Tbk,https://s3.goapi.id/logo/DUTI.jpg
253,DVLA,Darya-Varia Laboratoria Tbk,https://s3.goapi.id/logo/DVLA.jpg
254,DWGL,PT Dwi Guna Laksana Tbk,https://s3.goapi.id/logo/DWGL.jpg
255,DYAN,PT Dyandra Media International Tbk.,https://s3.goapi.id/logo/DYAN.jpg
256,EAST,PT Eastparc Hotel Tbk,https://s3.goapi.id/logo/EAST.jpg
257,ECII,PT Electronic City Indonesia Tbk.,https://s3.goapi.id/logo/ECII.jpg
258,EDGE,PT Indointernet Tbk.,https://s3.goapi.id/logo/EDGE.jpg
259,EKAD,Ekadharma International Tbk,https://s3.goapi.id/logo/EKAD.jpg
260,ELIT,PT Data Sinergitama Jaya Tbk,https://s3.goapi.id/logo/ELIT.jpg
261,ELPI,PT Pelayaran Nasional Ekalya Purnamasari Tbk,https://s3.goapi.id/logo/ELPI.jpg
262,ELSA,Elnusa Tbk,https://s3.goapi.id/logo/ELSA.jpg
263,ELTY,Bakrieland Development Tbk,https://s3.goapi.id/logo/ELTY.jpg
264,EMDE,Megapolitan Developments Tbk,https://s3.goapi.id/logo/EMDE.jpg
265,EMTK,Elang Mahkota Teknologi Tbk,https://s3.goapi.id/logo/EMTK.jpg
266,ENAK,PT Champ Resto Indonesia Tbk,https://s3.goapi.id/logo/ENAK.jpg
267,ENRG,Energi Mega Persada Tbk,https://s3.goapi.id/logo/ENRG.jpg
268,ENVY,PT Envy Technologies Indonesia Tbk,https://s3.goapi.id/logo/ENVY.jpg
269,ENZO,PT Morenzo Abadi Perkasa Tbk,https://s3.goapi.id/logo/ENZO.jpg
270,EPAC,PT Megalestari Epack Sentosaraya Tbk.,https://s3.goapi.id/logo/EPAC.jpg
271,EPMT,Enseval Putera Megatrading Tbk,https://s3.goapi.id/logo/EPMT.jpg
272,ERAA,Erajaya Swasembada Tbk,https://s3.goapi.id/logo/ERAA.jpg
273,ERTX,Eratex Djaja Tbk,https://s3.goapi.id/logo/ERTX.jpg
274,ESIP,PT Sinergi Inti Plastindo Tbk.,https://s3.goapi.id/logo/ESIP.jpg
275,ESSA,Surya Esa Perkasa Tbk,https://s3.goapi.id/logo/ESSA.jpg
276,ESTA,PT Esta Multi Usaha Tbk.,https://s3.goapi.id/logo/ESTA.jpg
277,ESTI,Ever Shine Textile Industry Tbk,https://s3.goapi.id/logo/ESTI.jpg
278,ETWA,Eterindo Wahanatama Tbk,https://s3.goapi.id/logo/ETWA.jpg
279,EURO,PT Estee Gold Feet Tbk,https://s3.goapi.id/logo/EURO.jpg
280,EXCL,PT XL Axiata Tbk,https://s3.goapi.id/logo/EXCL.jpg
281,FAPA,PT FAP Agri Tbk,https://s3.goapi.id/logo/FAPA.jpg
282,FAST,PT Fast Food Indonesia Tbk,https://s3.goapi.id/logo/FAST.jpg
283,FASW,Fajar Surya Wisesa Tbk,https://s3.goapi.id/logo/FASW.jpg
284,FILM,PT MD Pictures Tbk.,https://s3.goapi.id/logo/FILM.jpg
285,FIMP,PT Fimperkasa Utama Tbk,https://s3.goapi.id/logo/FIMP.jpg
286,FINN,PT First Indo American Leasing Tbk.,https://s3.goapi.id/logo/FINN.jpg
287,FIRE,PT Alfa Energi Investama Tbk.,https://s3.goapi.id/logo/FIRE.jpg
288,FISH,FKS Multi Agro Tbk,https://s3.goapi.id/logo/FISH.jpg
289,FITT,PT Hotel Fitra International Tbk,https://s3.goapi.id/logo/FITT.jpg
290,FLMC,PT Falmaco Nonwoven Industri Tbk,https://s3.goapi.id/logo/FLMC.jpg
291,FMII,Fortune Mate Indonesia Tbk,https://s3.goapi.id/logo/FMII.jpg
292,FOOD,PT Sentra Food Indonesia Tbk.,https://s3.goapi.id/logo/FOOD.jpg
293,FORU,Fortune Indonesia Tbk,https://s3.goapi.id/logo/FORU.jpg
294,FORZ,PT Forza Land Indonesia Tbk.,https://s3.goapi.id/logo/FORZ.jpg
295,FPNI,PT Lotte Chemical Titan Tbk.,https://s3.goapi.id/logo/FPNI.jpg
296,FREN,PT Smartfren Telecom Tbk,https://s3.goapi.id/logo/FREN.jpg
297,FUJI,PT Fuji Finance Indonesia Tbk.,https://s3.goapi.id/logo/FUJI.jpg
298,FUTR,PT Lini Imaji Kreasi Ekosistem Tbk,https://s3.goapi.id/logo/FUTR.jpg
299,FWCT,PT Wijaya Cahaya Timber Tbk,https://s3.goapi.id/logo/FWCT.jpg
300,GAMA,Aksara Global Development Tbk,https://s3.goapi.id/logo/GAMA.jpg
301,GDST,Gunawan Dianjaya Steel Tbk,https://s3.goapi.id/logo/GDST.jpg
302,GDYR,Goodyear Indonesia Tbk,https://s3.goapi.id/logo/GDYR.jpg
303,GEMA,Gema Grahasarana Tbk,https://s3.goapi.id/logo/GEMA.jpg
304,GEMS,Golden Energy Mines Tbk,https://s3.goapi.id/logo/GEMS.jpg
305,GGRM,Gudang Garam Tbk,https://s3.goapi.id/logo/GGRM.jpg
306,GGRP,PT Gunung Raja Paksi Tbk.,https://s3.goapi.id/logo/GGRP.jpg
307,GGST,PT Great Golden Star Tbk,https://s3.goapi.id/logo/GGST.jpg
308,GHON,PT Gihon Telekomunikasi Indonesia Tbk,https://s3.goapi.id/logo/GHON.jpg
309,GIAA,Garuda Indonesia (Persero) Tbk,https://s3.goapi.id/logo/GIAA.jpg
310,GJTL,Gajah Tunggal Tbk,https://s3.goapi.id/logo/GJTL.jpg
311,GLOB,PT Globe Kita Terang Tbk,https://s3.goapi.id/logo/GLOB.jpg
312,GLVA,PT Galva Technologies Tbk,https://s3.goapi.id/logo/GLVA.jpg
313,GMFI,PT Garuda Maintenance Facility Aero Asia Tbk.,https://s3.goapi.id/logo/GMFI.jpg
314,GMTD,Gowa Makassar Tourism Development Tbk,https://s3.goapi.id/logo/GMTD.jpg
315,GOLD,PT Visi Telekomunikasi Infrastruktur Tbk.,https://s3.goapi.id/logo/GOLD.jpg
316,GOLL,PT Golden Plantation Tbk,https://s3.goapi.id/logo/GOLL.jpg
317,GOOD,PT Garudafood Putra Putri Jaya Tbk.,https://s3.goapi.id/logo/GOOD.jpg
318,GOTO,PT GoTo Gojek Tokopedia Tbk,https://s3.goapi.id/logo/GOTO.jpg
319,GPRA,Perdana Gapura Prima Tbk,https://s3.goapi.id/logo/GPRA.jpg
320,GPSO,PT Geoprima Solusi Tbk,https://s3.goapi.id/logo/GPSO.jpg
321,GREN,Evergreen Invesco Tbk,https://s3.goapi.id/logo/GREN.jpg
322,GRHA,PT GRHA SATU ENAM LIMA TBK,https://s3.goapi.id/logo/GRHA.jpg
323,GSMF,Equity Development Investment Tbk,https://s3.goapi.id/logo/GSMF.jpg
324,GTBO,Garda Tujuh Buana Tbk,https://s3.goapi.id/logo/GTBO.jpg
325,GTSI,PT GTS Internasional Tbk,https://s3.goapi.id/logo/GTSI.jpg
326,GULA,PT Aman Agrindo Tbk,https://s3.goapi.id/logo/GULA.jpg
327,GWSA,PT Greenwood Sejahtera Tbk,https://s3.goapi.id/logo/GWSA.jpg
328,GZCO,Gozco Plantations Tbk,https://s3.goapi.id/logo/GZCO.jpg
329,HADE,PT Himalaya Energi Perkasa Tbk,https://s3.goapi.id/logo/HADE.jpg
330,HAIS,PT Hasnur Internasional Shipping Tbk,https://s3.goapi.id/logo/HAIS.jpg
331,HALO,PT Haloni Jane Tbk,https://s3.goapi.id/logo/HALO.jpg
332,HATM,PT Habco Trans Maritima Tbk,https://s3.goapi.id/logo/HATM.jpg
333,HDFA,Radana Bhaskara Finance Tbk,https://s3.goapi.id/logo/HDFA.jpg
334,HDIT,PT Hensel Davest Indonesia Tbk,https://s3.goapi.id/logo/HDIT.jpg
335,HDTX,Panasia Indo Resources Tbk,https://s3.goapi.id/logo/HDTX.jpg
336,HEAL,PT Medikaloka Hermina Tbk.,https://s3.goapi.id/logo/HEAL.jpg
337,HELI,PT Jaya Trishindo Tbk,https://s3.goapi.id/logo/HELI.jpg
338,HERO,Hero Supermarket Tbk,https://s3.goapi.id/logo/HERO.jpg
339,HEXA,Hexindo Adiperkasa Tbk,https://s3.goapi.id/logo/HEXA.jpg
340,HILL,PT Hillcon Tbk,https://s3.goapi.id/logo/HILL.jpg
341,HITS,Humpuss Intermoda Transportasi Tbk,https://s3.goapi.id/logo/HITS.jpg
342,HKMU,PT HK Metals Utama Tbk,https://s3.goapi.id/logo/HKMU.jpg
343,HMSP,HM Sampoerna Tbk,https://s3.goapi.id/logo/HMSP.jpg
344,HOKI,PT Buyung Poetra Sembada Tbk.,https://s3.goapi.id/logo/HOKI.jpg
345,HOME,Hotel Mandarine Regency Tbk,https://s3.goapi.id/logo/HOME.jpg
346,HOMI,PT Grand House Mulia Tbk,https://s3.goapi.id/logo/HOMI.jpg
347,HOPE,PT Harapan Duta Pertiwi Tbk.,https://s3.goapi.id/logo/HOPE.jpg
348,HOTL,Saraswati Griya Lestari Tbk,https://s3.goapi.id/logo/HOTL.jpg
349,HRME,PT Menteng Heritage Realty Tbk.,https://s3.goapi.id/logo/HRME.jpg
350,HRTA,PT Hartadinata Abadi Tbk,https://s3.goapi.id/logo/HRTA.jpg
351,HRUM,Harum Energy Tbk,https://s3.goapi.id/logo/HRUM.jpg
352,IATA,PT MNC Energy Investments Tbk,https://s3.goapi.id/logo/IATA.jpg
353,IBFN,PT Intan Baru Prana Tbk,https://s3.goapi.id/logo/IBFN.jpg
354,IBOS,PT Indo Boga Sukses Tbk,https://s3.goapi.id/logo/IBOS.jpg
355,IBST,Inti Bangun Sejahtera Tbk,https://s3.goapi.id/logo/IBST.jpg
356,ICBP,Indofood CBP Sukses Makmur Tbk,https://s3.goapi.id/logo/ICBP.jpg
357,ICON,Island Concepts Indonesia Tbk,https://s3.goapi.id/logo/ICON.jpg
358,IDEA,PT Idea Indonesia Akademi Tbk,https://s3.goapi.id/logo/IDEA.jpg
359,IDPR,PT Indonesia Pondasi Raya Tbk.,https://s3.goapi.id/logo/IDPR.jpg
360,IFII,PT Indonesia Fibreboard Industry Tbk,https://s3.goapi.id/logo/IFII.jpg
361,IFSH,PT Ifishdeco Tbk.,https://s3.goapi.id/logo/IFSH.jpg
362,IGAR,Champion Pacific Indonesia Tbk,https://s3.goapi.id/logo/IGAR.jpg
363,IIKP,Inti Agri Resources Tbk,https://s3.goapi.id/logo/IIKP.jpg
364,IKAI,Intikeramik Alamasri Industri Tbk,https://s3.goapi.id/logo/IKAI.jpg
365,IKAN,PT Era Mandiri Cemerlang Tbk,https://s3.goapi.id/logo/IKAN.jpg
366,IKBI,Sumi Indo Kabel Tbk,https://s3.goapi.id/logo/IKBI.jpg
367,IMAS,Indomobil Sukses Internasional Tbk,https://s3.goapi.id/logo/IMAS.jpg
368,IMJS,PT Indomobil Multi Jasa Tbk.,https://s3.goapi.id/logo/IMJS.jpg
369,IMPC,PT Impack Pratama Industri Tbk,https://s3.goapi.id/logo/IMPC.jpg
370,INAF,Indofarma Tbk.,https://s3.goapi.id/logo/INAF.jpg
371,INAI,Indal Aluminium Industry Tbk,https://s3.goapi.id/logo/INAI.jpg
372,INCF,PT Indo Komoditi Korpora Tbk,https://s3.goapi.id/logo/INCF.jpg
373,INCI,Intanwijaya Internasional Tbk,https://s3.goapi.id/logo/INCI.jpg
374,INCO,Vale Indonesia Tbk,https://s3.goapi.id/logo/INCO.jpg
375,INDF,Indofood Sukses Makmur Tbk,https://s3.goapi.id/logo/INDF.jpg
376,INDO,PT Royalindo Investa Wijaya Tbk,https://s3.goapi.id/logo/INDO.jpg
377,INDR,Indorama Synthetics Tbk,https://s3.goapi.id/logo/INDR.jpg
378,INDS,Indospring Tbk,https://s3.goapi.id/logo/INDS.jpg
379,INDX,Tanah Laut Tbk,https://s3.goapi.id/logo/INDX.jpg
380,INDY,Indika Energy Tbk,https://s3.goapi.id/logo/INDY.jpg
381,INKP,Indah Kiat Pulp & Paper Tbk,https://s3.goapi.id/logo/INKP.jpg
382,INOV,PT Inocycle Technology Group Tbk.,https://s3.goapi.id/logo/INOV.jpg
383,INPC,Bank Artha Graha Internasional Tbk,https://s3.goapi.id/logo/INPC.jpg
384,INPP,Indonesian Paradise Property Tbk,https://s3.goapi.id/logo/INPP.jpg
385,INPS,PT Indah Prakasa Sentosa Tbk.,https://s3.goapi.id/logo/INPS.jpg
386,INRU,Toba Pulp Lestari Tbk,https://s3.goapi.id/logo/INRU.jpg
387,INSA,PT Intinusa Selareksa Tbk,https://s3.goapi.id/logo/INSA.jpg
388,INTA,Intraco Penta Tbk,https://s3.goapi.id/logo/INTA.jpg
389,INTD,Inter-Delta Tbk,https://s3.goapi.id/logo/INTD.jpg
390,INTP,Indocement Tunggal Prakarsa Tbk,https://s3.goapi.id/logo/INTP.jpg
391,IPAC,PT Era Graharealty Tbk,https://s3.goapi.id/logo/IPAC.jpg
392,IPCC,PT Indonesia Kendaraan Terminal Tbk.,https://s3.goapi.id/logo/IPCC.jpg
393,IPCM,PT Jasa Armada Indonesia Tbk.,https://s3.goapi.id/logo/IPCM.jpg
394,IPOL,Indopoly Swakarsa Industry Tbk,https://s3.goapi.id/logo/IPOL.jpg
395,IPPE,PT Indo Pureco Pratama Tbk,https://s3.goapi.id/logo/IPPE.jpg
396,IPTV,PT MNC Vision Networks Tbk.,https://s3.goapi.id/logo/IPTV.jpg
397,IRRA,PT Itama Ranoraya Tbk.,https://s3.goapi.id/logo/IRRA.jpg
398,IRSX,PT Aviana Sinar Abadi Tbk,https://s3.goapi.id/logo/IRSX.jpg
399,ISAP,PT Isra Presisi Indonesia Tbk,https://s3.goapi.id/logo/ISAP.jpg
400,ISAT,PT Indosat Tbk,https://s3.goapi.id/logo/ISAT.jpg
401,ISSP,PT Steel Pipe Industry of Indonesia Tbk,https://s3.goapi.id/logo/ISSP.jpg
402,ITIC,PT Indonesian Tobacco Tbk.,https://s3.goapi.id/logo/ITIC.jpg
403,ITMA,SUMBER ENERGI ANDALAN Tbk,https://s3.goapi.id/logo/ITMA.jpg
404,ITMG,Indo Tambangraya Megah Tbk,https://s3.goapi.id/logo/ITMG.jpg
405,ITTG,Leo Investments Tbk,https://s3.goapi.id/logo/ITTG.jpg
406,JARR,PT Jhonlin Agro Raya Tbk,https://s3.goapi.id/logo/JARR.jpg
407,JAST,PT Jasnita Telekomindo Tbk. ,https://s3.goapi.id/logo/JAST.jpg
408,JAWA,Jaya Agra Wattie Tbk,https://s3.goapi.id/logo/JAWA.jpg
409,JAYA,PT Armada Berjaya Trans Tbk.,https://s3.goapi.id/logo/JAYA.jpg
410,JECC,Jembo Cable Company Tbk,https://s3.goapi.id/logo/JECC.jpg
411,JGLE,PT Graha Andrasentra Propertindo Tbk.,https://s3.goapi.id/logo/JGLE.jpg
412,JIHD,Jakarta International Hotels & Development Tbk,https://s3.goapi.id/logo/JIHD.jpg
413,JKON,Jaya Konstruksi Manggala Pratama Tbk,https://s3.goapi.id/logo/JKON.jpg
414,JKSW,Jakarta Kyoei Steel Works Tbk,https://s3.goapi.id/logo/JKSW.jpg
415,JMAS,PT Asuransi Jiwa Syariah Jasa Mitra Abadi Tbk,https://s3.goapi.id/logo/JMAS.jpg
416,JPFA,JAPFA Comfeed Indonesia Tbk,https://s3.goapi.id/logo/JPFA.jpg
417,JRPT,Jaya Real Property Tbk,https://s3.goapi.id/logo/JRPT.jpg
418,JSKY,PT Sky Energy Indonesia Tbk.,https://s3.goapi.id/logo/JSKY.jpg
419,JSMR,PT Jasa Marga Tbk,https://s3.goapi.id/logo/JSMR.jpg
420,JSPT,Jakarta Setiabudi Internasional Tbk,https://s3.goapi.id/logo/JSPT.jpg
421,JTPE,Jasuindo Tiga Perkasa Tbk,https://s3.goapi.id/logo/JTPE.jpg
422,KAEF,Kimia Farma Tbk.,https://s3.goapi.id/logo/KAEF.jpg
423,KARW,ICTSI JASA PRIMA Tbk,https://s3.goapi.id/logo/KARW.jpg
424,KAYU,PT Darmi Bersaudara Tbk.,https://s3.goapi.id/logo/KAYU.jpg
425,KBAG,PT Karya Bersama Anugerah Tbk,https://s3.goapi.id/logo/KBAG.jpg
426,KBLI,KMI Wire and Cable Tbk,https://s3.goapi.id/logo/KBLI.jpg
427,KBLM,Kabelindo Murni Tbk,https://s3.goapi.id/logo/KBLM.jpg
428,KBLV,First Media Tbk,https://s3.goapi.id/logo/KBLV.jpg
429,KBRI,Kertas Basuki Rachmat Indonesia Tbk,https://s3.goapi.id/logo/KBRI.jpg
430,KDSI,Kedawung Setia Industrial Tbk,https://s3.goapi.id/logo/KDSI.jpg
431,KDTN,PT Puri Sentul Permai Tbk,https://s3.goapi.id/logo/KDTN.jpg
432,KEEN,PT Kencana Energi Lestari Tbk. ,https://s3.goapi.id/logo/KEEN.jpg
433,KEJU,PT Mulia Boga Raya Tbk,https://s3.goapi.id/logo/KEJU.jpg
434,KETR,PT Ketrosden Triasmitra Tbk,https://s3.goapi.id/logo/KETR.jpg
435,KIAS,Keramika Indonesia Assosiasi Tbk,https://s3.goapi.id/logo/KIAS.jpg
436,KICI,Kedaung Indah Can Tbk,https://s3.goapi.id/logo/KICI.jpg
437,KIJA,Kawasan Industri Jababeka Tbk,https://s3.goapi.id/logo/KIJA.jpg
438,KING,PT Hoffmen Cleanindo Tbk,https://s3.goapi.id/logo/KING.jpg
439,KINO,PT Kino Indonesia Tbk,https://s3.goapi.id/logo/KINO.jpg
440,KIOS,PT Kioson Komersial Indonesia Tbk.,https://s3.goapi.id/logo/KIOS.jpg
441,KJEN,PT Krida Jaringan Nusantara Tbk.,https://s3.goapi.id/logo/KJEN.jpg
442,KKES,PT Kusuma Kemindo Sentosa Tbk,https://s3.goapi.id/logo/KKES.jpg
443,KKGI,Resource Alam Indonesia Tbk,https://s3.goapi.id/logo/KKGI.jpg
444,KLBF,Kalbe Farma Tbk,https://s3.goapi.id/logo/KLBF.jpg
445,KLIN,PT Klinko Karya Imaji Tbk,https://s3.goapi.id/logo/KLIN.jpg
446,KMDS,PT Kurniamitra Duta Sentosa Tbk.,https://s3.goapi.id/logo/KMDS.jpg
447,KMTR,PT Kirana Megatara Tbk.,https://s3.goapi.id/logo/KMTR.jpg
448,KOBX,Kobexindo Tractors Tbk,https://s3.goapi.id/logo/KOBX.jpg
449,KOIN,Kokoh Inti Arebama Tbk,https://s3.goapi.id/logo/KOIN.jpg
450,KONI,Perdana Bangun Pusaka Tbk,https://s3.goapi.id/logo/KONI.jpg
451,KOPI,PT Mitra Energi Persada Tbk,https://s3.goapi.id/logo/KOPI.jpg
452,KOTA,PT DMS Propertindo Tbk.,https://s3.goapi.id/logo/KOTA.jpg
453,KPAL,PT Steadfast Marine Tbk,https://s3.goapi.id/logo/KPAL.jpg
454,KPAS,PT Cottonindo Ariesta Tbk.,https://s3.goapi.id/logo/KPAS.jpg
455,KPIG,MNC Land Tbk,https://s3.goapi.id/logo/KPIG.jpg
456,KRAH,PT Grand Kartech Tbk,https://s3.goapi.id/logo/KRAH.jpg
457,KRAS,Krakatau Steel (Persero) Tbk,https://s3.goapi.id/logo/KRAS.jpg
458,KREN,PT Kresna Graha Investama Tbk.,https://s3.goapi.id/logo/KREN.jpg
459,KRYA,PT Bangun Karya Perkasa Jaya Tbk,https://s3.goapi.id/logo/KRYA.jpg
460,KUAS,PT Ace Oldfields Tbk,https://s3.goapi.id/logo/KUAS.jpg
461,LABA,PT Ladangbaja Murni Tbk,https://s3.goapi.id/logo/LABA.jpg
462,LAJU,PT Jasa Berdikari Logistics Tbk,https://s3.goapi.id/logo/LAJU.jpg
463,LAND,PT Trimitra Propertindo Tbk.,https://s3.goapi.id/logo/LAND.jpg
464,LAPD,Leyand International Tbk,https://s3.goapi.id/logo/LAPD.jpg
465,LCGP,PT Eureka Prima Jakarta Tbk.,https://s3.goapi.id/logo/LCGP.jpg
466,LCKM,PT LCK Global Kedaton Tbk,https://s3.goapi.id/logo/LCKM.jpg
467,LEAD,PT Logindo Samudramakmur Tbk.,https://s3.goapi.id/logo/LEAD.jpg
468,LFLO,PT Imago Mulia Persada Tbk,https://s3.goapi.id/logo/LFLO.jpg
469,LIFE,PT Asuransi Jiwa Sinarmas MSIG Tbk.,https://s3.goapi.id/logo/LIFE.jpg
470,LINK,PT Link Net Tbk.,https://s3.goapi.id/logo/LINK.jpg
471,LION,Lion Metal Works Tbk,https://s3.goapi.id/logo/LION.jpg
472,LMAS,Limas Indonesia Makmur Tbk,https://s3.goapi.id/logo/LMAS.jpg
473,LMPI,Langgeng Makmur Industri Tbk,https://s3.goapi.id/logo/LMPI.jpg
474,LMSH,Lionmesh Prima Tbk,https://s3.goapi.id/logo/LMSH.jpg
475,LPCK,Lippo Cikarang Tbk,https://s3.goapi.id/logo/LPCK.jpg
476,LPGI,Lippo General Insurance Tbk,https://s3.goapi.id/logo/LPGI.jpg
477,LPIN,Multi Prima Sejahtera Tbk,https://s3.goapi.id/logo/LPIN.jpg
478,LPKR,Lippo Karawaci Tbk,https://s3.goapi.id/logo/LPKR.jpg
479,LPLI,Star Pacific Tbk,https://s3.goapi.id/logo/LPLI.jpg
480,LPPF,Matahari Department Store Tbk,https://s3.goapi.id/logo/LPPF.jpg
481,LPPS,PT Lenox Pasifik Investama Tbk,https://s3.goapi.id/logo/LPPS.jpg
482,LRNA,PT Eka Sari Lorena Transport Tbk.,https://s3.goapi.id/logo/LRNA.jpg
483,LSIP,PP London Sumatra Indonesia Tbk,https://s3.goapi.id/logo/LSIP.jpg
484,LTLS,PT Lautan Luas Tbk,https://s3.goapi.id/logo/LTLS.jpg
485,LUCK,PT Sentral Mitra Informatika Tbk.,https://s3.goapi.id/logo/LUCK.jpg
486,LUCY,PT Lima Dua Lima Tiga Tbk,https://s3.goapi.id/logo/LUCY.jpg
487,MABA,PT Marga Abhinaya Abadi Tbk,https://s3.goapi.id/logo/MABA.jpg
488,MAGP,Multi Agro Gemilang Plantation Tbk,https://s3.goapi.id/logo/MAGP.jpg
489,MAIN,Malindo Feedmill Tbk,https://s3.goapi.id/logo/MAIN.jpg
490,MAMI,Mas Murni Indonesia Tbk,https://s3.goapi.id/logo/MAMI.jpg
491,MAPA,PT MAP Aktif Adiperkasa Tbk.,https://s3.goapi.id/logo/MAPA.jpg
492,MAPB,PT MAP Boga Adiperkasa Tbk.,https://s3.goapi.id/logo/MAPB.jpg
493,MAPI,Mitra Adiperkasa Tbk,https://s3.goapi.id/logo/MAPI.jpg
494,MARI,PT Mahaka Radio Integra Tbk.,https://s3.goapi.id/logo/MARI.jpg
495,MARK,PT Mark Dynamics Indonesia Tbk.,https://s3.goapi.id/logo/MARK.jpg
496,MASA,Multistrada Arah Sarana Tbk,https://s3.goapi.id/logo/MASA.jpg
497,MASB,PT Bank Multiarta Sentosa Tbk,https://s3.goapi.id/logo/MASB.jpg
498,MAYA,PT Bank Mayapada Internasional Tbk,https://s3.goapi.id/logo/MAYA.jpg
499,MBAP,PT Mitrabara Adiperdana Tbk,https://s3.goapi.id/logo/MBAP.jpg
500,MBSS,Mitrabahtera Segara Sejati Tbk,https://s3.goapi.id/logo/MBSS.jpg
501,MBTO,Martina Berto Tbk,https://s3.goapi.id/logo/MBTO.jpg
502,MCAS,PT M Cash Integrasi Tbk,https://s3.goapi.id/logo/MCAS.jpg
503,MCOL,PT Prima Andalan Mandiri Tbk,https://s3.goapi.id/logo/MCOL.jpg
504,MCOR,PT Bank China Construction Bank Indonesia Tbk,https://s3.goapi.id/logo/MCOR.jpg
505,MDIA,PT Intermedia Capital Tbk.,https://s3.goapi.id/logo/MDIA.jpg
506,MDKA,PT Merdeka Copper Gold Tbk.,https://s3.goapi.id/logo/MDKA.jpg
507,MDKI,PT Emdeki Utama Tbk,https://s3.goapi.id/logo/MDKI.jpg
508,MDLN,PT Modernland Realty Tbk.,https://s3.goapi.id/logo/MDLN.jpg
509,MDRN,Modern Internasional Tbk,https://s3.goapi.id/logo/MDRN.jpg
510,MEDC,PT Medco Energi Internasional Tbk,https://s3.goapi.id/logo/MEDC.jpg
511,MEDS,PT Hetzer Medical Indonesia Tbk,https://s3.goapi.id/logo/MEDS.jpg
512,MEGA,Bank Mega Tbk,https://s3.goapi.id/logo/MEGA.jpg
513,MERK,Merck Tbk,https://s3.goapi.id/logo/MERK.jpg
514,META,Nusantara Infrastructure Tbk,https://s3.goapi.id/logo/META.jpg
515,MFIN,PT Mandala Multifinance Tbk.,https://s3.goapi.id/logo/MFIN.jpg
516,MFMI,Multifiling Mitra Indonesia Tbk,https://s3.goapi.id/logo/MFMI.jpg
517,MGLV,PT Panca Anugrah Wisesa Tbk,https://s3.goapi.id/logo/MGLV.jpg
518,MGNA,PT Magna Investama Mandiri Tbk,https://s3.goapi.id/logo/MGNA.jpg
519,MGRO,PT Mahkota Group Tbk.,https://s3.goapi.id/logo/MGRO.jpg
520,MICE,Multi Indocitra Tbk,https://s3.goapi.id/logo/MICE.jpg
521,MIDI,Midi Utama Indonesia Tbk,https://s3.goapi.id/logo/MIDI.jpg
522,MIKA,PT Mitra Keluarga Karyasehat Tbk.,https://s3.goapi.id/logo/MIKA.jpg
523,MINA,PT Sanurhasta Mitra Tbk.,https://s3.goapi.id/logo/MINA.jpg
524,MIRA,Mitra International Resources Tbk,https://s3.goapi.id/logo/MIRA.jpg
525,MITI,Mitra Investindo Tbk,https://s3.goapi.id/logo/MITI.jpg
526,MKNT,PT Mitra Komunikasi Nusantara Tbk.,https://s3.goapi.id/logo/MKNT.jpg
527,MKPI,Metropolitan Kentjana Tbk,https://s3.goapi.id/logo/MKPI.jpg
528,MKTR,PT Menthobi Karyatama Raya Tbk,https://s3.goapi.id/logo/MKTR.jpg
529,MLBI,Multi Bintang Indonesia Tbk,https://s3.goapi.id/logo/MLBI.jpg
530,MLIA,Mulia Industrindo Tbk,https://s3.goapi.id/logo/MLIA.jpg
531,MLPL,Multipolar Tbk,https://s3.goapi.id/logo/MLPL.jpg
532,MLPT,PT Multipolar Technology Tbk.,https://s3.goapi.id/logo/MLPT.jpg
533,MMIX,PT Multi Medika Internasional Tbk,https://s3.goapi.id/logo/MMIX.jpg
534,MMLP,PT Mega Manunggal Property Tbk.,https://s3.goapi.id/logo/MMLP.jpg
535,MNCN,Media Nusantara Citra Tbk,https://s3.goapi.id/logo/MNCN.jpg
536,MOLI,PT Madusari Murni Indah Tbk.,https://s3.goapi.id/logo/MOLI.jpg
537,MORA,PT Mora Telematika Indonesia Tbk,https://s3.goapi.id/logo/MORA.jpg
538,MPMX,PT Mitra Pinasthika Mustika Tbk.,https://s3.goapi.id/logo/MPMX.jpg
539,MPOW,PT Megapower Makmur Tbk.,https://s3.goapi.id/logo/MPOW.jpg
540,MPPA,Matahari Putra Prima Tbk,https://s3.goapi.id/logo/MPPA.jpg
541,MPRO,PT Maha Properti Indonesia Tbk.,https://s3.goapi.id/logo/MPRO.jpg
542,MRAT,Mustika Ratu Tbk,https://s3.goapi.id/logo/MRAT.jpg
543,MREI,Maskapai Reasuransi Indonesia Tbk,https://s3.goapi.id/logo/MREI.jpg
544,MSIN,PT MNC Digital Entertainment Tbk,https://s3.goapi.id/logo/MSIN.jpg
545,MSKY,MNC Sky Vision Tbk,https://s3.goapi.id/logo/MSKY.jpg
546,MTDL,Metrodata Electronics Tbk,https://s3.goapi.id/logo/MTDL.jpg
547,MTEL,PT Dayamitra Telekomunikasi Tbk,https://s3.goapi.id/logo/MTEL.jpg
548,MTFN,Capitalinc Investment Tbk,https://s3.goapi.id/logo/MTFN.jpg
549,MTLA,Metropolitan Land Tbk,https://s3.goapi.id/logo/MTLA.jpg
550,MTMH,PT Murni Sadar Tbk,https://s3.goapi.id/logo/MTMH.jpg
551,MTPS,PT Meta Epsi Tbk.,https://s3.goapi.id/logo/MTPS.jpg
552,MTRA,PT Mitra Pemuda Tbk.,https://s3.goapi.id/logo/MTRA.jpg
553,MTSM,Metro Realty Tbk,https://s3.goapi.id/logo/MTSM.jpg
554,MTWI,PT Malacca Trust Wuwungan Insurance Tbk.,https://s3.goapi.id/logo/MTWI.jpg
555,MYOH,Samindo Resources Tbk,https://s3.goapi.id/logo/MYOH.jpg
556,MYOR,Mayora Indah Tbk,https://s3.goapi.id/logo/MYOR.jpg
557,MYRX,Hanson International Tbk,https://s3.goapi.id/logo/MYRX.jpg
558,MYTX,PT Asia Pacific Investama Tbk.,https://s3.goapi.id/logo/MYTX.jpg
559,NANO,PT Nanotech Indonesia Global Tbk,https://s3.goapi.id/logo/NANO.jpg
560,NASA,PT Andalan Perkasa Abadi Tbk,https://s3.goapi.id/logo/NASA.jpg
561,NASI,PT Wahana Inti Makmur Tbk,https://s3.goapi.id/logo/NASI.jpg
562,NATO,PT Surya Permata Andalan Tbk,https://s3.goapi.id/logo/NATO.jpg
563,NAYZ,PT Hassana Boga Sejahtera Tbk,https://s3.goapi.id/logo/NAYZ.jpg
564,NELY,Pelayaran Nelly Dwi Putri Tbk,https://s3.goapi.id/logo/NELY.jpg
565,NETV,PT Net Visi Media Tbk,https://s3.goapi.id/logo/NETV.jpg
566,NFCX,PT NFC Indonesia Tbk,https://s3.goapi.id/logo/NFCX.jpg
567,NICK,PT Charnic Capital Tbk.,https://s3.goapi.id/logo/NICK.jpg
568,NICL,PT PAM Mineral Tbk,https://s3.goapi.id/logo/NICL.jpg
569,NIKL,Pelat Timah Nusantara Tbk,https://s3.goapi.id/logo/NIKL.jpg
570,NINE,PT Techno9 Indonesia Tbk,https://s3.goapi.id/logo/NINE.jpg
571,NIPS,Nipress Tbk,https://s3.goapi.id/logo/NIPS.jpg
572,NIRO,City Retail Developments Tbk,https://s3.goapi.id/logo/NIRO.jpg
573,NISP,PT Bank OCBC NISP Tbk,https://s3.goapi.id/logo/NISP.jpg
574,NOBU,PT Bank Nationalnobu Tbk.,https://s3.goapi.id/logo/NOBU.jpg
575,NPGF,PT Nusa Palapa Gemilang Tbk,https://s3.goapi.id/logo/NPGF.jpg
576,NRCA,PT Nusa Raya Cipta Tbk.,https://s3.goapi.id/logo/NRCA.jpg
577,NSSS,PT Nusantara Sawit Sejahtera Tbk,https://s3.goapi.id/logo/NSSS.jpg
578,NTBK,PT Nusatama Berkah Tbk,https://s3.goapi.id/logo/NTBK.jpg
579,NUSA,PT Sinergi Megah Internusa Tbk,https://s3.goapi.id/logo/NUSA.jpg
580,NZIA,"PT Nusantara Almazia, Tbk.",https://s3.goapi.id/logo/NZIA.jpg
581,OASA,PT Protech Mitra Perkasa Tbk,https://s3.goapi.id/logo/OASA.jpg
582,OBMD,PT OBM Drilchem Tbk,https://s3.goapi.id/logo/OBMD.jpg
583,OCAP,ONIX CAPITAL Tbk,https://s3.goapi.id/logo/OCAP.jpg
584,OILS,PT Indo Oil Perkasa Tbk,https://s3.goapi.id/logo/OILS.jpg
585,OKAS,Ancora Indonesia Resources Tbk,https://s3.goapi.id/logo/OKAS.jpg
586,OLIV,PT Oscar Mitra Sukses Sejahtera Tbk,https://s3.goapi.id/logo/OLIV.jpg
587,OMED,PT Jayamas Medica Industri Tbk,https://s3.goapi.id/logo/OMED.jpg
588,OMRE,Indonesia Prima Property Tbk,https://s3.goapi.id/logo/OMRE.jpg
589,OPMS,PT Optima Prima Metal Sinergi Tbk.,https://s3.goapi.id/logo/OPMS.jpg
590,PACK,PT Solusi Kemasan Digital Tbk,https://s3.goapi.id/logo/PACK.jpg
591,PADA,PT Personel Alih Daya Tbk,https://s3.goapi.id/logo/PADA.jpg
592,PADI,Minna Padi Investama Sekuritas Tbk,https://s3.goapi.id/logo/PADI.jpg
593,PALM,Provident Agro Tbk,https://s3.goapi.id/logo/PALM.jpg
594,PAMG,PT Bima Sakti Pertiwi Tbk,https://s3.goapi.id/logo/PAMG.jpg
595,PANI,PT Pratama Abadi Nusa Industri Tbk.,https://s3.goapi.id/logo/PANI.jpg
596,PANR,Panorama Sentrawisata Tbk,https://s3.goapi.id/logo/PANR.jpg
597,PANS,Panin Sekuritas Tbk,https://s3.goapi.id/logo/PANS.jpg
598,PBID,PT Panca Budi Idaman Tbk,https://s3.goapi.id/logo/PBID.jpg
599,PBRX,Pan Brothers Tbk,https://s3.goapi.id/logo/PBRX.jpg
600,PBSA,PT Paramita Bangun Sarana Tbk,https://s3.goapi.id/logo/PBSA.jpg
601,PCAR,PT Prima Cakrawala Abadi Tbk,https://s3.goapi.id/logo/PCAR.jpg
602,PDES,Destinasi Tirta Nusantara Tbk,https://s3.goapi.id/logo/PDES.jpg
603,PDPP,PT Primadaya Plastisindo Tbk,https://s3.goapi.id/logo/PDPP.jpg
604,PEGE,PT Panca Global Kapital Tbk.,https://s3.goapi.id/logo/PEGE.jpg
605,PEHA,PT Phapros Tbk,https://s3.goapi.id/logo/PEHA.jpg
606,PEVE,PT Penta Valent Tbk,https://s3.goapi.id/logo/PEVE.jpg
607,PGAS,PT Perusahaan Gas Negara Tbk.,https://s3.goapi.id/logo/PGAS.jpg
608,PGEO,PT Pertamina Geothermal Energy Tbk,https://s3.goapi.id/logo/PGEO.jpg
609,PGJO,PT Tourindo Guide Indonesia Tbk.,https://s3.goapi.id/logo/PGJO.jpg
610,PGLI,Pembangunan Graha Lestari Tbk,https://s3.goapi.id/logo/PGLI.jpg
611,PGUN,PT Pradiksi Gunatama Tbk,https://s3.goapi.id/logo/PGUN.jpg
612,PICO,Pelangi Indah Canindo Tbk,https://s3.goapi.id/logo/PICO.jpg
613,PJAA,Pembangunan Jaya Ancol Tbk,https://s3.goapi.id/logo/PJAA.jpg
614,PKPK,Perdana Karya Perkasa Tbk,https://s3.goapi.id/logo/PKPK.jpg
615,PLAN,PT Planet Properindo Jaya Tbk,https://s3.goapi.id/logo/PLAN.jpg
616,PLAS,Polaris Investama Tbk,https://s3.goapi.id/logo/PLAS.jpg
617,PLIN,Plaza Indonesia Realty Tbk,https://s3.goapi.id/logo/PLIN.jpg
618,PMJS,PT Putra Mandiri Jembar Tbk,https://s3.goapi.id/logo/PMJS.jpg
619,PMMP,PT Panca Mitra Multiperdana Tbk.,https://s3.goapi.id/logo/PMMP.jpg
620,PNBN,Bank Pan Indonesia Tbk,https://s3.goapi.id/logo/PNBN.jpg
621,PNBS,PT Bank Panin Dubai Syariah Tbk.,https://s3.goapi.id/logo/PNBS.jpg
622,PNGO,PT Pinago Utama Tbk,https://s3.goapi.id/logo/PNGO.jpg
623,PNIN,Paninvest Tbk,https://s3.goapi.id/logo/PNIN.jpg
624,PNLF,Panin Financial Tbk,https://s3.goapi.id/logo/PNLF.jpg
625,PNSE,Pudjiadi & Sons Tbk,https://s3.goapi.id/logo/PNSE.jpg
626,POLA,PT Pool Advista Finance Tbk.,https://s3.goapi.id/logo/POLA.jpg
627,POLI,PT Pollux Hotels Group Tbk,https://s3.goapi.id/logo/POLI.jpg
628,POLL,PT Pollux Properties Indonesia Tbk.,https://s3.goapi.id/logo/POLL.jpg
629,POLU,PT Golden Flower Tbk.,https://s3.goapi.id/logo/POLU.jpg
630,POLY,Asia Pacific Fibers Tbk,https://s3.goapi.id/logo/POLY.jpg
631,POOL,Pool Advista Indonesia Tbk,https://s3.goapi.id/logo/POOL.jpg
632,PORT,PT Nusantara Pelabuhan Handal Tbk.,https://s3.goapi.id/logo/PORT.jpg
633,POSA,PT Bliss Properti Indonesia Tbk.,https://s3.goapi.id/logo/POSA.jpg
634,POWR,PT Cikarang Listrindo Tbk.,https://s3.goapi.id/logo/POWR.jpg
635,PPGL,PT Prima Globalindo Logistik Tbk.,https://s3.goapi.id/logo/PPGL.jpg
636,PPRE,PT PP Presisi Tbk.,https://s3.goapi.id/logo/PPRE.jpg
637,PPRO,PT PP Properti Tbk.,https://s3.goapi.id/logo/PPRO.jpg
638,PRAS,Prima Alloy Steel Universal Tbk,https://s3.goapi.id/logo/PRAS.jpg
639,PRAY,PT Famon Awal Bros Sedaya Tbk,https://s3.goapi.id/logo/PRAY.jpg
640,PRDA,PT Prodia Widyahusada Tbk.,https://s3.goapi.id/logo/PRDA.jpg
641,PRIM,PT Royal Prima Tbk.,https://s3.goapi.id/logo/PRIM.jpg
642,PSAB,J RESOURCES ASIA PASIFIK Tbk,https://s3.goapi.id/logo/PSAB.jpg
643,PSDN,Prasidha Aneka Niaga Tbk,https://s3.goapi.id/logo/PSDN.jpg
644,PSGO,PT Palma Serasih Tbk.,https://s3.goapi.id/logo/PSGO.jpg
645,PSKT,PT Red Planet Indonesia Tbk,https://s3.goapi.id/logo/PSKT.jpg
646,PSSI,PT Pelita Samudera Shipping Tbk,https://s3.goapi.id/logo/PSSI.jpg
647,PTBA,Bukit Asam Tbk,https://s3.goapi.id/logo/PTBA.jpg
648,PTDU,PT Djasa Ubersakti Tbk,https://s3.goapi.id/logo/PTDU.jpg
649,PTIS,Indo Straits Tbk,https://s3.goapi.id/logo/PTIS.jpg
650,PTMP,PT Mitra Pack Tbk.,https://s3.goapi.id/logo/PTMP.jpg
651,PTPP,PP (Persero) Tbk,https://s3.goapi.id/logo/PTPP.jpg
652,PTPW,PT Pratama Widya Tbk.,https://s3.goapi.id/logo/PTPW.jpg
653,PTRO,Petrosea Tbk,https://s3.goapi.id/logo/PTRO.jpg
654,PTSN,Sat Nusapersada Tbk,https://s3.goapi.id/logo/PTSN.jpg
655,PTSP,Pioneerindo Gourmet International Tbk,https://s3.goapi.id/logo/PTSP.jpg
656,PUDP,Pudjiadi Prestige Tbk,https://s3.goapi.id/logo/PUDP.jpg
657,PURA,PT Putra Rajawali Kencana Tbk.,https://s3.goapi.id/logo/PURA.jpg
658,PURE,PT Trinitan Metals and Minerals Tbk,https://s3.goapi.id/logo/PURE.jpg
659,PURI,PT Puri Global Sukses Tbk,https://s3.goapi.id/logo/PURI.jpg
660,PWON,Pakuwon Jati Tbk,https://s3.goapi.id/logo/PWON.jpg
661,PYFA,Pyridam Farma Tbk,https://s3.goapi.id/logo/PYFA.jpg
662,PZZA,PT Sarimelati Kencana Tbk.,https://s3.goapi.id/logo/PZZA.jpg
663,RAFI,PT Sari Kreasi Boga Tbk,https://s3.goapi.id/logo/RAFI.jpg
664,RAJA,Rukun Raharja Tbk,https://s3.goapi.id/logo/RAJA.jpg
665,RALS,Ramayana Lestari Sentosa Tbk,https://s3.goapi.id/logo/RALS.jpg
666,RANC,Supra Boga Lestari Tbk,https://s3.goapi.id/logo/RANC.jpg
667,RBMS,Ristia Bintang Mahkotasejati Tbk,https://s3.goapi.id/logo/RBMS.jpg
668,RCCC,PT Utama Radar Cahaya Tbk,https://s3.goapi.id/logo/RCCC.jpg
669,RDTX,Roda Vivatex Tbk,https://s3.goapi.id/logo/RDTX.jpg
670,REAL,PT Repower Asia Indonesia Tbk.,https://s3.goapi.id/logo/REAL.jpg
671,RELI,Reliance Sekuritas Indonesia Tbk,https://s3.goapi.id/logo/RELI.jpg
672,RICY,Ricky Putra Globalindo Tbk,https://s3.goapi.id/logo/RICY.jpg
673,RIGS,Rig Tenders Tbk,https://s3.goapi.id/logo/RIGS.jpg
674,RIMO,PT Rimo International Lestari Tbk.,https://s3.goapi.id/logo/RIMO.jpg
675,RISE,PT Jaya Sukses Makmur Sentosa Tbk.,https://s3.goapi.id/logo/RISE.jpg
676,RMBA,Bentoel International Investama Tbk,https://s3.goapi.id/logo/RMBA.jpg
677,RMKE,PT RMK Energy Tbk,https://s3.goapi.id/logo/RMKE.jpg
678,ROCK,PT Rockfields Properti Indonesia Tbk.,https://s3.goapi.id/logo/ROCK.jpg
679,RODA,Pikko Land Development Tbk,https://s3.goapi.id/logo/RODA.jpg
680,RONY,PT Aesler Grup Internasional Tbk,https://s3.goapi.id/logo/RONY.jpg
681,ROTI,PT Nippon Indosari Corpindo Tbk,https://s3.goapi.id/logo/ROTI.jpg
682,RSGK,PT Kedoya Adyaraya Tbk,https://s3.goapi.id/logo/RSGK.jpg
683,RUIS,Radiant Utama Interinsco Tbk,https://s3.goapi.id/logo/RUIS.jpg
684,RUNS,PT Global Sukses Solusi Tbk,https://s3.goapi.id/logo/RUNS.jpg
685,SAFE,Steady Safe Tbk,https://s3.goapi.id/logo/SAFE.jpg
686,SAGE,PT Saptausaha Gemilangindah Tbk,https://s3.goapi.id/logo/SAGE.jpg
687,SAME,Sarana Meditama Metropolitan Tbk,https://s3.goapi.id/logo/SAME.jpg
688,SAMF,PT Saraswanti Anugerah Makmur Tbk.,https://s3.goapi.id/logo/SAMF.jpg
689,SAPX,PT Satria Antaran Prima Tbk.,https://s3.goapi.id/logo/SAPX.jpg
690,SATU,PT Kota Satu Properti Tbk.,https://s3.goapi.id/logo/SATU.jpg
691,SBAT,PT Sejahtera Bintang Abadi Textile Tbk.,https://s3.goapi.id/logo/SBAT.jpg
692,SBMA,PT Surya Biru Murni Acetylene Tbk,https://s3.goapi.id/logo/SBMA.jpg
693,SCBD,Danayasa Arthatama Tbk,https://s3.goapi.id/logo/SCBD.jpg
694,SCCO,PT Supreme Cable Manufacturing & Commerce Tbk,https://s3.goapi.id/logo/SCCO.jpg
695,SCMA,Surya Citra Media Tbk,https://s3.goapi.id/logo/SCMA.jpg
696,SCNP,PT Selaras Citra Nusantara Perkasa Tbk,https://s3.goapi.id/logo/SCNP.jpg
697,SCPI,PT Organon Pharma Indonesia Tbk,https://s3.goapi.id/logo/SCPI.jpg
698,SDMU,Sidomulyo Selaras Tbk,https://s3.goapi.id/logo/SDMU.jpg
699,SDPC,Millennium Pharmacon International Tbk,https://s3.goapi.id/logo/SDPC.jpg
700,SDRA,PT Bank Woori Saudara Indonesia 1906 Tbk,https://s3.goapi.id/logo/SDRA.jpg
701,SEMA,PT Semacom Integrated Tbk,https://s3.goapi.id/logo/SEMA.jpg
702,SFAN,PT Surya Fajar Capital Tbk,https://s3.goapi.id/logo/SFAN.jpg
703,SGER,PT Sumber Global Energy Tbk.,https://s3.goapi.id/logo/SGER.jpg
704,SGRO,PT Sampoerna Agro Tbk,https://s3.goapi.id/logo/SGRO.jpg
705,SHID,Hotel Sahid Jaya Tbk,https://s3.goapi.id/logo/SHID.jpg
706,SHIP,PT Sillo Maritime Perdana Tbk,https://s3.goapi.id/logo/SHIP.jpg
707,SIAP,Sekawan Intipratama Tbk,https://s3.goapi.id/logo/SIAP.jpg
708,SICO,PT Sigma Energy Compressindo Tbk,https://s3.goapi.id/logo/SICO.jpg
709,SIDO,PT Industri Jamu Dan Farmasi Sido Muncul Tbk,https://s3.goapi.id/logo/SIDO.jpg
710,SILO,PT Siloam International Hospitals Tbk.,https://s3.goapi.id/logo/SILO.jpg
711,SIMA,Siwani Makmur Tbk,https://s3.goapi.id/logo/SIMA.jpg
712,SIMM,PT Surya Intrindo Makmur Tbk,https://s3.goapi.id/logo/SIMM.jpg
713,SIMP,Salim Ivomas Pratama Tbk,https://s3.goapi.id/logo/SIMP.jpg
714,SINI,PT Singaraja Putra Tbk.,https://s3.goapi.id/logo/SINI.jpg
715,SIPD,PT Sreeya Sewu Indonesia Tbk,https://s3.goapi.id/logo/SIPD.jpg
716,SKBM,Sekar Bumi Tbk,https://s3.goapi.id/logo/SKBM.jpg
717,SKLT,Sekar Laut Tbk,https://s3.goapi.id/logo/SKLT.jpg
718,SKRN,PT Superkrane Mitra Utama Tbk,https://s3.goapi.id/logo/SKRN.jpg
719,SKYB,PT Northcliff Citranusa Indonesia Tbk.,https://s3.goapi.id/logo/SKYB.jpg
720,SLIS,PT Gaya Abadi Sempurna Tbk,https://s3.goapi.id/logo/SLIS.jpg
721,SMAR,PT Sinar Mas Agro Resources and Technology Tbk,https://s3.goapi.id/logo/SMAR.jpg
722,SMBR,PT Semen Baturaja (Persero) Tbk,https://s3.goapi.id/logo/SMBR.jpg
723,SMCB,PT Solusi Bangun Indonesia Tbk,https://s3.goapi.id/logo/SMCB.jpg
724,SMDM,Suryamas Dutamakmur Tbk,https://s3.goapi.id/logo/SMDM.jpg
725,SMDR,Samudera Indonesia Tbk,https://s3.goapi.id/logo/SMDR.jpg
726,SMGR,Semen Indonesia (Persero) Tbk,https://s3.goapi.id/logo/SMGR.jpg
727,SMKL,PT Satyamitra Kemas Lestari Tbk,https://s3.goapi.id/logo/SMKL.jpg
728,SMKM,PT Sumber Mas Konstruksi Tbk,https://s3.goapi.id/logo/SMKM.jpg
729,SMMA,PT Sinar Mas Multiartha Tbk,https://s3.goapi.id/logo/SMMA.jpg
730,SMMT,GOLDEN EAGLE ENERGY Tbk,https://s3.goapi.id/logo/SMMT.jpg
731,SMRA,PT Summarecon Agung Tbk,https://s3.goapi.id/logo/SMRA.jpg
732,SMRU,SMR Utama Tbk,https://s3.goapi.id/logo/SMRU.jpg
733,SMSM,Selamat Sempurna Tbk,https://s3.goapi.id/logo/SMSM.jpg
734,SNLK,PT Sunter Lakeside Hotel Tbk.,https://s3.goapi.id/logo/SNLK.jpg
735,SOCI,PT Soechi Lines Tbk. ,https://s3.goapi.id/logo/SOCI.jpg
736,SOFA,PT Boston Furniture Industries Tbk..,https://s3.goapi.id/logo/SOFA.jpg
737,SOHO,PT Soho Global Health Tbk,https://s3.goapi.id/logo/SOHO.jpg
738,SONA,Sona Topas Tourism Industry Tbk,https://s3.goapi.id/logo/SONA.jpg
739,SOSS,PT Shield On Service Tbk.,https://s3.goapi.id/logo/SOSS.jpg
740,SOTS,PT Satria Mega Kencana Tbk.,https://s3.goapi.id/logo/SOTS.jpg
741,SOUL,PT Mitra Tirta Buwana Tbk,https://s3.goapi.id/logo/SOUL.jpg
742,SPMA,Suparma Tbk,https://s3.goapi.id/logo/SPMA.jpg
743,SPOT,PT Sofyan Hotels Tbk,https://s3.goapi.id/logo/SPOT.jpg
744,SPTO,PT Surya Pertiwi Tbk,https://s3.goapi.id/logo/SPTO.jpg
745,SQMI,Wilton Makmur Indonesia Tbk,https://s3.goapi.id/logo/SQMI.jpg
746,SRAJ,Sejahteraraya Anugrahjaya Tbk,https://s3.goapi.id/logo/SRAJ.jpg
747,SRIL,PT Sri Rejeki Isman Tbk,https://s3.goapi.id/logo/SRIL.jpg
748,SRSN,Indo Acidatama Tbk,https://s3.goapi.id/logo/SRSN.jpg
749,SRTG,PT Saratoga Investama Sedaya Tbk.,https://s3.goapi.id/logo/SRTG.jpg
750,SSIA,PT Surya Semesta Internusa Tbk,https://s3.goapi.id/logo/SSIA.jpg
751,SSMS,PT Sawit Sumbermas Sarana Tbk. ,https://s3.goapi.id/logo/SSMS.jpg
752,SSTM,Sunson Textile Manufacturer Tbk,https://s3.goapi.id/logo/SSTM.jpg
753,STAA,PT Sumber Tani Agung Resources Tbk,https://s3.goapi.id/logo/STAA.jpg
754,STAR,PT Buana Artha Anugerah Tbk.,https://s3.goapi.id/logo/STAR.jpg
755,STTP,PT Siantar Top Tbk,https://s3.goapi.id/logo/STTP.jpg
756,SUDI,Surya Dumai Industri Tbk,https://s3.goapi.id/logo/SUDI.jpg
757,SUGI,Sugih Energy Tbk,https://s3.goapi.id/logo/SUGI.jpg
758,SULI,PT SLJ Global Tbk,https://s3.goapi.id/logo/SULI.jpg
759,SUNI,PT Sunindo Pratama Tbk,https://s3.goapi.id/logo/SUNI.jpg
760,SUPR,Solusi Tunas Pratama Tbk,https://s3.goapi.id/logo/SUPR.jpg
761,SURE,PT Super Energy Tbk.,https://s3.goapi.id/logo/SURE.jpg
762,SWAT,PT Sriwahana Adityakarta Tbk.,https://s3.goapi.id/logo/SWAT.jpg
763,SWID,PT Saraswanti Indoland Development Tbk,https://s3.goapi.id/logo/SWID.jpg
764,TALF,PT Tunas Alfin Tbk,https://s3.goapi.id/logo/TALF.jpg
765,TAMA,PT Lancartama Sejati Tbk.,https://s3.goapi.id/logo/TAMA.jpg
766,TAMU,PT Pelayaran Tamarin Samudra Tbk.,https://s3.goapi.id/logo/TAMU.jpg
767,TAPG,PT Triputra Agro Persada Tbk.,https://s3.goapi.id/logo/TAPG.jpg
768,TARA,PT Agung Semesta Sejahtera Tbk,https://s3.goapi.id/logo/TARA.jpg
769,TAXI,Express Transindo Utama Tbk,https://s3.goapi.id/logo/TAXI.jpg
770,TAYS,PT Jaya Swarasa Agung Tbk,https://s3.goapi.id/logo/TAYS.jpg
771,TBIG,PT Tower Bersama Infrastructure Tbk,https://s3.goapi.id/logo/TBIG.jpg
772,TBLA,Tunas Baru Lampung Tbk,https://s3.goapi.id/logo/TBLA.jpg
773,TBMS,Tembaga Mulia Semanan Tbk,https://s3.goapi.id/logo/TBMS.jpg
774,TCID,Mandom Indonesia Tbk,https://s3.goapi.id/logo/TCID.jpg
775,TCPI,PT Transcoal Pacific Tbk.,https://s3.goapi.id/logo/TCPI.jpg
776,TDPM,PT Tridomain Performance Materials Tbk.,https://s3.goapi.id/logo/TDPM.jpg
777,TEBE,PT Dana Brata Luhur Tbk.,https://s3.goapi.id/logo/TEBE.jpg
778,TECH,PT Indosterling Technomedia Tbk,https://s3.goapi.id/logo/TECH.jpg
779,TELE,PT Tiphone Mobile Indonesia Tbk.,https://s3.goapi.id/logo/TELE.jpg
780,TFAS,PT Telefast Indonesia Tbk.,https://s3.goapi.id/logo/TFAS.jpg
781,TFCO,Tifico Fiber Indonesia Tbk,https://s3.goapi.id/logo/TFCO.jpg
782,TGKA,Tigaraksa Satria Tbk,https://s3.goapi.id/logo/TGKA.jpg
783,TGRA,PT Terregra Asia Energy,https://s3.goapi.id/logo/TGRA.jpg
784,TIFA,KDB Tifa Finance Tbk,https://s3.goapi.id/logo/TIFA.jpg
785,TINS,PT Timah Tbk. ,https://s3.goapi.id/logo/TINS.jpg
786,TIRA,Tira Austenite Tbk,https://s3.goapi.id/logo/TIRA.jpg
787,TIRT,Tirta Mahakam Resources Tbk,https://s3.goapi.id/logo/TIRT.jpg
788,TKIM,Pabrik Kertas Tjiwi Kimia Tbk,https://s3.goapi.id/logo/TKIM.jpg
789,TLDN,PT Teladan Prima Agro Tbk,https://s3.goapi.id/logo/TLDN.jpg
790,TLKM,PT Telkom Indonesia (Persero) Tbk,https://s3.goapi.id/logo/TLKM.jpg
791,TMAS,PT Temas Tbk.,https://s3.goapi.id/logo/TMAS.jpg
792,TMPO,Tempo Inti Media Tbk,https://s3.goapi.id/logo/TMPO.jpg
793,TNCA,PT Trimuda Nuansa Citra Tbk.,https://s3.goapi.id/logo/TNCA.jpg
794,TOBA,PT TBS Energi Utama Tbk,https://s3.goapi.id/logo/TOBA.jpg
795,TOOL,PT Rohartindo Nusantara Luas Tbk,https://s3.goapi.id/logo/TOOL.jpg
796,TOPS,PT Totalindo Eka Persada Tbk.,https://s3.goapi.id/logo/TOPS.jpg
797,TOTL,Total Bangun Persada Tbk,https://s3.goapi.id/logo/TOTL.jpg
798,TOTO,Surya Toto Indonesia Tbk,https://s3.goapi.id/logo/TOTO.jpg
799,TOWR,Sarana Menara Nusantara Tbk,https://s3.goapi.id/logo/TOWR.jpg
800,TOYS,PT Sunindo Adipersada Tbk.,https://s3.goapi.id/logo/TOYS.jpg
801,TPEN,PT Texmaco Perkasa Engineering Tbk.,https://s3.goapi.id/logo/TPEN.jpg
802,TPIA,PT Chandra Asri Petrochemical Tbk,https://s3.goapi.id/logo/TPIA.jpg
803,TPMA,Trans Power Marine Tbk,https://s3.goapi.id/logo/TPMA.jpg
804,TRAM,Trada Alam Minera Tbk.,https://s3.goapi.id/logo/TRAM.jpg
805,TRGU,PT Cerestar Indonesia Tbk,https://s3.goapi.id/logo/TRGU.jpg
806,TRIL,Triwira Insanlestari Tbk,https://s3.goapi.id/logo/TRIL.jpg
807,TRIM,PT Trimegah Sekuritas Indonesia Tbk,https://s3.goapi.id/logo/TRIM.jpg
808,TRIN,PT Perintis Triniti Properti Tbk,https://s3.goapi.id/logo/TRIN.jpg
809,TRIO,Trikomsel Oke Tbk,https://s3.goapi.id/logo/TRIO.jpg
810,TRIS,Trisula International Tbk,https://s3.goapi.id/logo/TRIS.jpg
811,TRJA,PT Transkon Jaya Tbk.,https://s3.goapi.id/logo/TRJA.jpg
812,TRON,PT Teknologi Karya Digital Nusa Tbk.,https://s3.goapi.id/logo/TRON.jpg
813,TRST,Trias Sentosa Tbk,https://s3.goapi.id/logo/TRST.jpg
814,TRUE,PT Triniti Dinamik Tbk,https://s3.goapi.id/logo/TRUE.jpg
815,TRUK,PT Guna Timur Raya Tbk.,https://s3.goapi.id/logo/TRUK.jpg
816,TRUS,Trust Finance Indonesia Tbk,https://s3.goapi.id/logo/TRUS.jpg
817,TSPC,Tempo Scan Pacific Tbk,https://s3.goapi.id/logo/TSPC.jpg
818,TUGU,PT Asuransi Tugu Pratama Indonesia Tbk,https://s3.goapi.id/logo/TUGU.jpg
819,TURI,Tunas Ridean Tbk,https://s3.goapi.id/logo/TURI.jpg
820,UANG,PT Pakuan Tbk,https://s3.goapi.id/logo/UANG.jpg
821,UCID,PT Uni-Charm Indonesia Tbk.,https://s3.goapi.id/logo/UCID.jpg
822,UFOE,PT Damai Sejahtera Abadi Tbk,https://s3.goapi.id/logo/UFOE.jpg
823,ULTJ,Ultra Jaya Milk Industry Tbk,https://s3.goapi.id/logo/ULTJ.jpg
824,UNIC,Unggul Indah Cahaya Tbk,https://s3.goapi.id/logo/UNIC.jpg
825,UNIQ,PT Ulima Nitra Tbk,https://s3.goapi.id/logo/UNIQ.jpg
826,UNIT,Nusantara Inti Corpora Tbk,https://s3.goapi.id/logo/UNIT.jpg
827,UNSP,Bakrie Sumatera Plantations Tbk,https://s3.goapi.id/logo/UNSP.jpg
828,UNTR,United Tractors Tbk,https://s3.goapi.id/logo/UNTR.jpg
829,UNVR,Unilever Indonesia Tbk,https://s3.goapi.id/logo/UNVR.jpg
830,URBN,PT Urban Jakarta Propertindo Tbk.,https://s3.goapi.id/logo/URBN.jpg
831,UVCR,PT Trimegah Karya Pratama Tbk.,https://s3.goapi.id/logo/UVCR.jpg
832,VAST,PT Vastland Indonesia Tbk,https://s3.goapi.id/logo/VAST.jpg
833,VICI,PT Victoria Care Indonesia Tbk,https://s3.goapi.id/logo/VICI.jpg
834,VICO,PT Victoria Investama Tbk.,https://s3.goapi.id/logo/VICO.jpg
835,VINS,PT Victoria Insurance Tbk.,https://s3.goapi.id/logo/VINS.jpg
836,VIVA,PT Visi Media Asia Tbk,https://s3.goapi.id/logo/VIVA.jpg
837,VOKS,Voksel Electric Tbk,https://s3.goapi.id/logo/VOKS.jpg
838,VRNA,Verena Multi Finance Tbk,https://s3.goapi.id/logo/VRNA.jpg
839,VTNY,PT Venteny Fortuna International Tbk,https://s3.goapi.id/logo/VTNY.jpg
840,WAPO,Wahana Pronatural Tbk,https://s3.goapi.id/logo/WAPO.jpg
841,WEGE,PT Wijaya Karya Bangunan Gedung Tbk.,https://s3.goapi.id/logo/WEGE.jpg
842,WEHA,PT WEHA Transportasi Indonesia Tbk,https://s3.goapi.id/logo/WEHA.jpg
843,WGSH,PT Wira Global Solusi Tbk,https://s3.goapi.id/logo/WGSH.jpg
844,WICO,Wicaksana Overseas International Tbk,https://s3.goapi.id/logo/WICO.jpg
845,WIFI,PT Solusi Sinergi Digital Tbk,https://s3.goapi.id/logo/WIFI.jpg
846,WIIM,Wismilak Inti Makmur Tbk,https://s3.goapi.id/logo/WIIM.jpg
847,WIKA,PT Wijaya Karya (Persero) Tbk,https://s3.goapi.id/logo/WIKA.jpg
848,WINE,PT Hatten Bali Tbk,https://s3.goapi.id/logo/WINE.jpg
849,WINR,PT Winner Nusantara Jaya Tbk,https://s3.goapi.id/logo/WINR.jpg
850,WINS,Wintermar Offshore Marine Tbk,https://s3.goapi.id/logo/WINS.jpg
851,WIRG,PT WIR ASIA Tbk,https://s3.goapi.id/logo/WIRG.jpg
852,WMPP,PT Widodo Makmur Perkasa Tbk,https://s3.goapi.id/logo/WMPP.jpg
853,WMUU,PT Widodo Makmur Unggas Tbk,https://s3.goapi.id/logo/WMUU.jpg
854,WOMF,PT Wahana Ottomitra Multiartha Tbk,https://s3.goapi.id/logo/WOMF.jpg
855,WOOD,PT Integra Indocabinet Tbk,https://s3.goapi.id/logo/WOOD.jpg
856,WOWS,PT Ginting Jaya Energi Tbk,https://s3.goapi.id/logo/WOWS.jpg
857,WSBP,PT Waskita Beton Precast Tbk.,https://s3.goapi.id/logo/WSBP.jpg
858,WSKT,PT Waskita Karya (Persero) Tbk,https://s3.goapi.id/logo/WSKT.jpg
859,WTON,Wijaya Karya Beton,https://s3.goapi.id/logo/WTON.jpg
860,YELO,PT Yelooo Integra Datanet Tbk.,https://s3.goapi.id/logo/YELO.jpg
861,YPAS,Yanaprima Hastapersada Tbk,https://s3.goapi.id/logo/YPAS.jpg
862,YULE,Yulie Sekuritas Indonesia Tbk,https://s3.goapi.id/logo/YULE.jpg
863,ZADI,PT Asuransi Adira Dinamika Tbk,https://s3.goapi.id/logo/ZADI.jpg
864,ZATA,PT Bersama Zatta Jaya Tbk,https://s3.goapi.id/logo/ZATA.jpg
865,ZBRA,PT Dosni Roha Indonesia Tbk,https://s3.goapi.id/logo/ZBRA.jpg
866,ZINC,PT Kapuas Prima Coal Tbk,https://s3.goapi.id/logo/ZINC.jpg
867,ZONE,PT Mega Perintis Tbk.,https://s3.goapi.id/logo/ZONE.jpg
868,ZYRX,PT Zyrexindo Mandiri Buana Tbk,https://s3.goapi.id/logo/ZYRX.jpg
